{
  "layers": [
    {
      "id": "departamentos",
      "type": "fill",
      "source": "src_departamentos",
      "source-layer": "departamentos",
      "paint": {
        "fill-color": "#e8dfc4",
        "fill-opacity": 0.8,
        "fill-outline-color": "#aa9d8e"
      }
    },
    {
      "id": "label-departamentos",
      "type": "symbol",
      "source": "src_departamentos",
      "source-layer": "departamentos",
      "layout": {
        "text-field": [
          "get",
          "nombre"
        ],
        "text-font": [
          "Open Sans Bold",
          "Arial Unicode MS Bold"
        ],
        "text-size": 12,
        "text-offset": [
          0,
          0.6
        ],
        "text-anchor": "top"
      },
      "paint": {
        "text-color": "#000000",
        "text-halo-color": "#ffffff",
        "text-halo-width": 1.5
      }
    }
  ]
}
