{
  "version": 8,
  "name": "Webinario",
  "center": [
    -64.191,
    -31.413
  ],
  "zoom": 10,
  "bearing": 0,
  "pitch": 0,
  "glyphs": "https://demotiles.maplibre.org/font/{fontstack}/{range}.pbf",
  "sprite": "https://demotiles.maplibre.org/styles/osm-bright-gl-style/sprite",
  "sources": {
    "osm": {
      "type": "raster",
      "tiles": [
        "https://tile.openstreetmap.org/{z}/{x}/{y}.png"
      ],
      "tileSize": 256,
      "minzoom": 0,
      "maxzoom": 19
    },
    "src_vector_tiles": {
      "type": "vector",
      "tiles": [
        "http://127.0.0.1:5887/services/tiles/category/public/{z}/{x}/{y}.pbf"
      ],
      "minzoom": 0,
      "maxzoom": 14,
      "attribution": "© MVT Server"
    },
    "radios_wms": {
      "type": "raster",
      "tiles": [
        "https://idecor-ws.mapascordoba.gob.ar/geoserver/idecor/radios_urbanos/wms?bbox={bbox-epsg-3857}&format=image/png&service=WMS&version=1.1.1&request=GetMap&srs=EPSG:3857&transparent=true&width=256&height=256&layers=radios_urbanos"
      ],
      "tileSize": 256,
      "attribution": "IDECOR"
    }
  },
  "layers": [
    {
      "id": "osm",
      "type": "raster",
      "source": "osm",
      "layout": {
        "visibility": "visible"
      },
      "metadata": {
        "alias": "OpenStreetMap",
        "isbaselayer": true
      }
    },
    {
      "id": "departamentos-fill",
      "type": "fill",
      "source": "src_vector_tiles",
      "source-layer": "departamentos",
      "paint": {
        "fill-outline-color": "#d95f0d",
        "fill-color": "#f1eddc",
        "fill-opacity": 0.6
      },
      "metadata": {
        "alias": "Departamentos"
      }
    },
    {
      "id": "departamentos-label",
      "type": "symbol",
      "source": "src_vector_tiles",
      "source-layer": "departamentos",
      "layout": {
        "text-field": [
          "get",
          "nombre"
        ],
        "text-font": [
          "Open Sans Regular",
          "Arial Unicode MS Regular"
        ],
        "text-size": 12,
        "text-offset": [
          0,
          0.6
        ],
        "text-anchor": "top"
      },
      "paint": {
        "text-color": "#000000",
        "text-halo-color": "#ffffff",
        "text-halo-width": 2
      },
      "metadata": {
        "alias": "Etiquetas Departamentos"
      }
    },
    {
      "id": "radios",
      "type": "raster",
      "source": "radios_wms",
      "source-layer": "radios_urbanos",
      "paint": {},
      "layout": {
        "visibility": "none"
      }
    },
    {
      "id": "localidades-circle",
      "type": "circle",
      "source": "src_vector_tiles",
      "source-layer": "localidades",
      "paint": {
        "circle-color": "#ffffff",
        "circle-radius": 8,
        "circle-stroke-color": "#000000",
        "circle-stroke-width": 1.2
      },
      "metadata": {
        "alias": "Localidades"
      }
    },
    {
      "id": "localidades-label",
      "type": "symbol",
      "source": "src_vector_tiles",
      "source-layer": "localidades",
      "layout": {
        "text-field": [
          "get",
          "localidad"
        ],
        "text-font": [
          "Open Sans Regular",
          "Arial Unicode MS Regular"
        ],
        "text-size": 9,
        "text-offset": [
          0,
          0.6
        ],
        "text-anchor": "top"
      },
      "paint": {
        "text-color": "#3b454d",
        "text-halo-color": "#f8f7f1",
        "text-halo-width": 1
      },
      "metadata": {
        "alias": "Etiquetas Localidades"
      }
    }
  ]
}
