{
  "layers": [
    {
      "id": "arrendamiento_rural_2024-fill",
      "type": "fill",
      "source-layer": "arrendamiento_rural_2024",
      "paint": {
        "fill-color": [
          "case",
          [
            "==",
            [
              "get",
              "vua"
            ],
            0
          ],
          "#9292921F",
          [
            "<=",
            [
              "get",
              "vua"
            ],
            5
          ],
          "#fde725",
          [
            "<=",
            [
              "get",
              "vua"
            ],
            7
          ],
          "#7ad251",
          [
            "<=",
            [
              "get",
              "vua"
            ],
            9
          ],
          "#22a884",
          [
            "<=",
            [
              "get",
              "vua"
            ],
            10
          ],
          "#29788e",
          [
            "<=",
            [
              "get",
              "vua"
            ],
            12
          ],
          "#404387",
          [
            ">",
            [
              "get",
              "vua"
            ],
            12
          ],
          "#440154",
          "#ffffff"
        ],
        "fill-opacity": 0.75
      },
      "layout": {
        "visibility": "visible"
      },
      "metadata": {
        "legend": {
          "label": "Valor Unitario de Arrendamiento (qq/ha)"
        }
      }
    },
    {
      "id": "radios-line",
      "type": "line",
      "source-layer": "radios_urbanos",
      "paint": {
        "line-color": "#ea7100",
        "line-width": 3
      },
      "layout": {
        "visibility": "visible"
      }
    },
    {
      "id": "departamentos-line",
      "type": "line",
      "source-layer": "departamentos",
      "paint": {
        "line-color": "#222222",
        "line-width": 2,
        "line-dasharray": [
          2,
          2
        ]
      },
      "layout": {
        "visibility": "visible"
      }
    }
  ]
}
