{
  "version": 8,
  "name": "Valor de Arrendamientos Rurales 2024",
  "center": [
    -64.17081,
    -32.16448
  ],
  "zoom": 7,
  "bearing": 0,
  "pitch": 0,
  "glyphs": "http://127.0.0.1:5887/services/map_assets/glyphs/{fontstack}/{range}.pbf",
  "sprite": "http://127.0.0.1:5887/services/map_assets/sprites/maplibre/sprite",
  "sources": {
    "src_osm": {
      "type": "raster",
      "tiles": [
        "https://a.tile.openstreetmap.org/{z}/{x}/{y}.png"
      ],
      "tileSize": 256,
      "attribution": "&copy; OpenStreetMap Contributors",
      "maxzoom": 19
    },
    "src_googlehybrid": {
      "type": "raster",
      "tiles": [
        "https://mt0.google.com/vt/lyrs=s,h&x={x}&y={y}&z={z}",
        "https://mt1.google.com/vt/lyrs=s,h&x={x}&y={y}&z={z}",
        "https://mt2.google.com/vt/lyrs=s,h&x={x}&y={y}&z={z}",
        "https://mt3.google.com/vt/lyrs=s,h&x={x}&y={y}&z={z}"
      ],
      "maxzoom": 22
    },
    "parcelas_wms": {
      "type": "raster",
      "tiles": [
        "https://idecor-ws.mapascordoba.gob.ar/geoserver/idecor/parcelas/wms?bbox={bbox-epsg-3857}&format=image/png&service=WMS&version=1.1.1&request=GetMap&srs=EPSG:3857&transparent=true&width=256&height=256&layers=parcelas&styles=sty_parcelas_rurales_cartas"
      ],
      "tileSize": 256,
      "attribution": "IDECOR"
    },
    "src_arrendamientos": {
      "type": "vector",
      "tiles": [
        "http://127.0.0.1:5887/services/tiles/public:arrendamiento_rural_2024/{z}/{x}/{y}.pbf"
      ],
      "minzoom": 6,
      "maxzoom": 18,
      "attribution": "© IDECOR"
    },
    "src_departamentos": {
      "type": "vector",
      "tiles": [
        "http://127.0.0.1:5887/services/tiles/public:departamentos/{z}/{x}/{y}.pbf"
      ],
      "minzoom": 6,
      "maxzoom": 18,
      "attribution": "© IDECOR"
    },
    "src_radios": {
      "type": "vector",
      "tiles": [
        "http://127.0.0.1:5887/services/tiles/public:radios_urbanos/{z}/{x}/{y}.pbf"
      ],
      "minzoom": 6,
      "maxzoom": 18,
      "attribution": "© IDECOR"
    }
  },
  "layers": [
    {
      "id": "googlehybrid",
      "type": "raster",
      "source": "src_googlehybrid",
      "layout": {
        "visibility": "visible"
      },
      "metadata": {
        "isbaselayer": true
      }
    },
    {
      "id": "arrendamiento_rural_2024-fill",
      "type": "fill",
      "source": "src_arrendamientos",
      "source-layer": "arrendamiento_rural_2024",
      "paint": {
        "fill-color": [
          "case",
          [
            "==",
            [
              "get",
              "vua"
            ],
            0
          ],
          "#9292921F",
          [
            "<=",
            [
              "get",
              "vua"
            ],
            5
          ],
          "#fde725",
          [
            "<=",
            [
              "get",
              "vua"
            ],
            7
          ],
          "#7ad251",
          [
            "<=",
            [
              "get",
              "vua"
            ],
            9
          ],
          "#22a884",
          [
            "<=",
            [
              "get",
              "vua"
            ],
            10
          ],
          "#29788e",
          [
            "<=",
            [
              "get",
              "vua"
            ],
            12
          ],
          "#404387",
          [
            ">",
            [
              "get",
              "vua"
            ],
            12
          ],
          "#440154",
          "#ffffff"
        ],
        "fill-opacity": 0.75
      },
      "layout": {
        "visibility": "visible"
      },
      "metadata": {
        "legend": {
          "label": "Valor Unitario de Arrendamiento (qq/ha)"
        }
      }
    },
    {
      "id": "parcelas",
      "type": "raster",
      "source": "parcelas_wms",
      "source-layer": "parcelas",
      "paint": {},
      "layout": {
        "visibility": "visible"
      }
    },
    {
      "id": "radios-line",
      "type": "line",
      "source": "src_radios",
      "source-layer": "radios_urbanos",
      "paint": {
        "line-color": "#ea7100",
        "line-width": 3
      },
      "layout": {
        "visibility": "visible"
      }
    },
    {
      "id": "departamentos-line",
      "type": "line",
      "source": "src_departamentos",
      "source-layer": "departamentos",
      "paint": {
        "line-color": "#222222",
        "line-width": 2,
        "line-dasharray": [
          2,
          2
        ]
      },
      "layout": {
        "visibility": "visible"
      }
    }
  ]
}
