{
  "layers": [
    {
      "id": "vtr2024-style",
      "type": "fill",
      "source": "vtr2024",
      "layout": {},
      "paint": {
        "fill-color": [
          "step",
          [
            "get",
            "vur_pesos"
          ],
          "#dcdcdc",
          300000,
          "#add8e6",
          400000,
          "#87ceeb",
          600000,
          "#00ced1",
          800000,
          "#98fb98",
          1000000,
          "#90ee90",
          1500000,
          "#f0e68c",
          2500000,
          "#ffd700",
          5000000,
          "#ffa500",
          7500000,
          "#ff7f50",
          10000000,
          "#ff6347",
          12500000,
          "#ff4500",
          20000000,
          "#ff0000"
        ],
        "fill-opacity": 0.7
      }
    }
  ]
}
